11/24/17,4,5,6
11/29/17,Jez Bayliss,2,Nah 
11/29/17,Jez Bayliss,2,Nah 
11/29/17,Jez Bayliss,2,Nah 
11/29/17,Hi,23,456
12/04/17,123,5,123
12/04/17,123,2,123
12/05/17,Donald Trump,1,This is the worst trade deal in US history. Sad.
12/05/17,Mr ChatShit,2,"Lorem Ipsum is simply dummy text of the printing and typesetting industry. Lorem Ipsum has been the industry's standard dummy text ever since the 1500s, when an unknown printer took a galley of type and scrambled it to make a type specimen book. It has survived not only five centuries, but also the leap into electronic typesetting, remaining essentially unchanged. It was popularised in the 1960s with the release of Letraset sheets containing Lorem Ipsum passages, and more recently with desktop publishing software like Aldus PageMaker including versions of Lorem Ipsum."
12/06/17,Macky,5,Mkaay
12/06/17,Psy,5,"Op, Op, Op, Op. Oppa Gangnam Style"
06-12-2017,James,3,awdawd
06/12/2017,James,3,awdawd
